Player,Capped/Uncapped,Team,Sold/Unsold,Base Price (cr),Winning Bid (cr)
Rishabh Pant,Capped,LSG,Sold,2.0,27.0
Shreyas Iyer,Capped,PBKS,Sold,2.0,26.75
Venkatesh Iyer,Capped,KKR,Sold,2.0,23.75
Arshdeep Singh,Capped,PBKS,Sold,2.0,18.0
Yuzvendra Chahal,Capped,PBKS,Sold,2.0,18.0
Jos Buttler,Capped,GT,Sold,2.0,15.75
KL Rahul,Capped,DC,Sold,2.0,14.0
Trent Boult,Capped,MI,Sold,2.0,12.5
Josh Hazlewood,Capped,RCB,Sold,2.0,12.5
Jofra Archer,Capped,RR,Sold,2.0,12.5
Mohammad Siraj,Capped,GT,Sold,2.0,12.25
Mitchell Starc,Capped,DC,Sold,2.0,11.75
Phil Salt,Capped,RCB,Sold,2.0,11.5
Ishan Kishan,Capped,SRH,Sold,2.0,11.25
Jitesh Sharma,Capped,RCB,Sold,1.0,11.0
Marcus Stoinis,Capped,PBKS,Sold,2.0,11.0
T. Natarajan,Capped,DC,Sold,2.0,10.75
Kagiso Rabada,Capped,GT,Sold,2.0,10.75
Bhuvneshwar Kumar,Capped,RCB,Sold,2.0,10.75
Mohammad Shami,Capped,SRH,Sold,2.0,10.0
Noor Ahmad,Capped,CSK,Sold,2.0,10.0
Ravichandaran Ashwin,Capped,CSK,Sold,2.0,9.75
Avesh Khan,Capped,LSG,Sold,2.0,9.75
Prasidh Krishna,Capped,GT,Sold,2.0,9.5
Deepak Chahar,Capped,MI,Sold,2.0,9.25
Jake Fraser-Mcgurk,Capped,DC,Sold,2.0,9.0
Liam Livingstone,Capped,RCB,Sold,2.0,8.75
Akash Deep,Capped,LSG,Sold,1.0,8.0
Mukesh Kumar,Capped,DC,Sold,2.0,8.0
Harshal Patel,Capped,SRH,Sold,2.0,8.0
David Miller,Capped,LSG,Sold,1.5,7.5
Marco Jansen,Capped,PBKS,Sold,1.25,7.0
Anrich Nortje,Capped,KKR,Sold,2.0,6.5
Tushar Deshpande,Capped,RR,Sold,1.0,6.5
Devon Conway,Capped,CSK,Sold,2.0,6.25
Harry Brook,Capped,DC,Sold,2.0,6.25
Rasikh Dar,Uncapped,RCB,Sold,0.3,6.0
Krunal Pandya,Capped,RCB,Sold,2.0,5.75
Will Jacks,Capped,MI,Sold,2.0,5.25
Naman Dhir,Uncapped,MI,Sold,0.3,5.25
Wanindu Hasaranga,Capped,RR,Sold,2.0,5.25
Syed Khaleel Ahmed,Capped,CSK,Sold,2.0,4.8
Allah Ghazanfar,Capped,MI,Sold,0.75,4.8
Maheesh Theekshana,Capped,RR,Sold,2.0,4.4
Glenn Maxwell,Capped,PBKS,Sold,2.0,4.2
Abdul Samad,Uncapped,LSG,Sold,0.3,4.2
Nitish Rana,Capped,RR,Sold,1.5,4.2
Nehal Wadhera,Uncapped,PBKS,Sold,0.3,4.2
Rachin Ravindra,Capped,CSK,Sold,1.5,4.0
Ashutosh Sharma,Uncapped,DC,Sold,0.3,3.8
Priyansh Arya,Uncapped,PBKS,Sold,0.3,3.8
Quinton De Kock,Capped,KKR,Sold,2.0,3.6
Rahul Tripathi,Capped,CSK,Sold,0.75,3.4
Mitchell Marsh,Capped,LSG,Sold,2.0,3.4
Anshul Kamboj,Uncapped,CSK,Sold,0.3,3.4
Rahul Chahar,Capped,SRH,Sold,1.0,3.2
Abhinav Manohar,Uncapped,SRH,Sold,0.3,3.2
Washington Sundar,Capped,GT,Sold,2.0,3.2
Tim David,Capped,RCB,Sold,2.0,3.0
Angkrish Raghuvanshi,Uncapped,KKR,Sold,0.3,3.0
Spencer Johnson,Capped,KKR,Sold,2.0,2.8
Josh Inglis,Capped,PBKS,Sold,2.0,2.6
Sherfane Rutherford,Capped,GT,Sold,1.5,2.6
Suyash Sharma,Uncapped,RCB,Sold,0.3,2.6
Jacob Bethell,Capped,RCB,Sold,1.25,2.6
Azmatullah Omarzai,Capped,PBKS,Sold,1.5,2.4
Sam Curran,Capped,CSK,Sold,2.0,2.4
Adam Zampa,Capped,SRH,Sold,2.0,2.4
Shahbaz Ahamad,Capped,LSG,Sold,1.0,2.4
Gerald Coetzee,Capped,GT,Sold,1.25,2.4
Mohit Sharma,Uncapped,DC,Sold,0.5,2.2
Gurjapneet Singh,Uncapped,CSK,Sold,0.3,2.2
Fazalhaq Farooqi,Capped,RR,Sold,2.0,2.0
Aiden Markram,Capped,LSG,Sold,2.0,2.0
Lockie Ferguson,Capped,PBKS,Sold,2.0,2.0
Mitchell Santner,Capped,MI,Sold,2.0,2.0
Devdutt Padikkal,Capped,RCB,Sold,2.0,2.0
Glenn Phillips,Capped,GT,Sold,2.0,2.0
Faf Du Plessis,Capped,DC,Sold,2.0,2.0
R. Sai Kishore,Capped,GT,Sold,0.75,2.0
Moeen Ali,Capped,KKR,Sold,2.0,2.0
Rahmanullah Gurbaz,Capped,KKR,Sold,2.0,2.0
Nathan Ellis,Capped,CSK,Sold,1.25,2.0
Vaibhav Arora,Uncapped,KKR,Sold,0.3,1.8
Vyshak Vijaykumar,Uncapped,PBKS,Sold,0.3,1.8
Deepak Hooda,Capped,CSK,Sold,0.75,1.7
Mahipal Lomror,Uncapped,GT,Sold,0.5,1.7
Yash Thakur,Uncapped,PBKS,Sold,0.3,1.6
Nuwan Thushara,Capped,RCB,Sold,0.75,1.6
Simarjeet Singh,Uncapped,SRH,Sold,0.3,1.5
Romario Shepherd,Capped,RCB,Sold,1.5,1.5
Harpreet Brar,Uncapped,PBKS,Sold,0.3,1.5
Jamie Overton,Capped,CSK,Sold,1.5,1.5
Kwena Maphaka,Capped,RR,Sold,0.75,1.5
Rovman Powell,Capped,KKR,Sold,1.5,1.5
Ajinkya Rahane,Capped,KKR,Sold,1.5,1.5
Gurnoor Singh Brar,Uncapped,GT,Sold,0.3,1.3
Mohd. Arshad Khan,Uncapped,GT,Sold,0.3,1.3
Aaron Hardie,Capped,PBKS,Sold,1.25,1.25
Vijay Shankar,Uncapped,CSK,Sold,0.3,1.2
Eshan Malinga,Uncapped,SRH,Sold,0.3,1.2
Akash Madhwal,Uncapped,RR,Sold,0.3,1.2
Vaibhav Suryavanshi,Uncapped,RR,Sold,0.3,1.1
Brydon Carse,Capped,SRH,Sold,1.0,1.0
Jaydev Unadkat,Capped,SRH,Sold,1.0,1.0
Lungisani Ngidi,Capped,RCB,Sold,1.0,1.0
Ryan Rickelton,Capped,MI,Sold,1.0,1.0
Vishnu Vinod,Uncapped,PBKS,Sold,0.3,0.95
Sameer Rizvi,Uncapped,DC,Sold,0.3,0.95
Xavier Bartlett,Capped,PBKS,Sold,0.75,0.8
Kuldeep Sen,Capped,PBKS,Sold,0.75,0.8
Shubham Dubey,Uncapped,RR,Sold,0.3,0.8
Umran Malik,Capped,KKR,Sold,0.75,0.75
Lizaad Williams,Capped,MI,Sold,0.75,0.75
Kamindu Mendis,Capped,SRH,Sold,0.75,0.75
M. Siddharth,Uncapped,LSG,Sold,0.3,0.75
Shamar Joseph,Capped,LSG,Sold,0.75,0.75
Dushmantha Chameera,Capped,DC,Sold,0.75,0.75
Donovan Ferreira,Capped,DC,Sold,0.75,0.75
Manish Pandey,Capped,KKR,Sold,0.75,0.75
Karim Janat,Capped,GT,Sold,0.75,0.75
Ishant Sharma,Capped,GT,Sold,0.75,0.75
Jayant Yadav,Capped,GT,Sold,0.75,0.75
Matthew Breetzke,Capped,LSG,Sold,0.75,0.75
Reece Topley,Capped,MI,Sold,0.75,0.75
Kumar Kushagra,Uncapped,GT,Sold,0.3,0.65
Robin Minz,Uncapped,MI,Sold,0.3,0.65
Vansh Bedi,Uncapped,CSK,Sold,0.3,0.55
Karn Sharma,Uncapped,MI,Sold,0.5,0.5
Swapnil Singh,Uncapped,RCB,Sold,0.3,0.5
Vipraj Nigam,Uncapped,DC,Sold,0.3,0.5
Karun Nair,Uncapped,DC,Sold,0.3,0.5
Anukul Roy,Uncapped,KKR,Sold,0.3,0.4
Madhav Tiwari,Uncapped,DC,Sold,0.3,0.4
Zeeshan Ansari,Uncapped,SRH,Sold,0.3,0.4
Yudhvir Charak,Uncapped,RR,Sold,0.3,0.35
Aniket Verma,Uncapped,SRH,Sold,0.3,0.3
Kunal Rathore,Uncapped,RR,Sold,0.3,0.3
Sachin Baby,Uncapped,SRH,Sold,0.3,0.3
Mohit Rathee,Uncapped,RCB,Sold,0.3,0.3
Abhinandan Singh,Uncapped,RCB,Sold,0.3,0.3
Swastik Chhikara,Uncapped,RCB,Sold,0.3,0.3
Manoj Bhandage,Uncapped,RCB,Sold,0.3,0.3
Ashok Sharma,Uncapped,RR,Sold,0.3,0.3
Kumar Kartikeya Singh,Uncapped,RR,Sold,0.3,0.3
Himmat Singh,Uncapped,LSG,Sold,0.3,0.3
Harnoor Pannu,Uncapped,PBKS,Sold,0.3,0.3
Musheer Khan,Uncapped,PBKS,Sold,0.3,0.3
Luvnith Sisodia,Uncapped,KKR,Sold,0.3,0.3
Nishant Sindhu,Uncapped,GT,Sold,0.3,0.3
Anuj Rawat,Uncapped,GT,Sold,0.3,0.3
Manav Suthar,Uncapped,GT,Sold,0.3,0.3
Kulwant Khejroliya,Uncapped,GT,Sold,0.3,0.3
Darshan Nalkande,Uncapped,DC,Sold,0.3,0.3
Ajay Mandal,Uncapped,DC,Sold,0.3,0.3
Manvanth Kumar L,Uncapped,DC,Sold,0.3,0.3
Tripurana Vijay,Uncapped,DC,Sold,0.3,0.3
Shaik Rasheed,Uncapped,CSK,Sold,0.3,0.3
Mukesh Choudhary,Uncapped,CSK,Sold,0.3,0.3
Kamlesh Nagarkoti,Uncapped,CSK,Sold,0.3,0.3
Ramakrishna Ghosh,Uncapped,CSK,Sold,0.3,0.3
Shreyas Gopal,Uncapped,CSK,Sold,0.3,0.3
Andre Siddarth,Uncapped,CSK,Sold,0.3,0.3
Mayank Markande,Uncapped,KKR,Sold,0.3,0.3
Arshin Kulkarni,Uncapped,LSG,Sold,0.3,0.3
Rajvardhan Hangargekar,Uncapped,LSG,Sold,0.3,0.3
Venkata Satyanarayana Penmetsa,Uncapped,MI,Sold,0.3,0.3
Suryansh Shedge,Uncapped,PBKS,Sold,0.3,0.3
Pyla Avinash,Uncapped,PBKS,Sold,0.3,0.3
Pravin Dubey,Uncapped,PBKS,Sold,0.3,0.3
Ashwani Kumar,Uncapped,MI,Sold,0.3,0.3
Shrijith Krishnan,Uncapped,MI,Sold,0.3,0.3
Raj Angad Bawa,Uncapped,MI,Sold,0.3,0.3
Bevan John Jacobs,Uncapped,MI,Sold,0.3,0.3
Yuvraj Chaudhary,Uncapped,LSG,Sold,0.3,0.3
Arjun Tendulkar,Uncapped,MI,Sold,0.3,0.3
Vignesh Puthur,Uncapped,MI,Sold,0.3,0.3
Aryan Juyal,Uncapped,LSG,Sold,0.3,0.3
Digvesh Singh,Uncapped,LSG,Sold,0.3,0.3
Akash Singh,Uncapped,LSG,Sold,0.3,0.3
Prince Yadav,Uncapped,LSG,Sold,0.3,0.3
Atharva Taide,Uncapped,SRH,Sold,0.3,0.3
David Warner,Capped,,Unsold,2.0,
Jonny Bairstow,Capped,,Unsold,2.0,
Kane Williamson,Capped,,Unsold,2.0,
Daryl Mitchell,Capped,,Unsold,2.0,
Shardul Thakur,Capped,,Unsold,2.0,
Mujeeb Ur Rahman,Capped,,Unsold,2.0,
Adil Rashid,Capped,,Unsold,2.0,
Finn Allen,Capped,,Unsold,2.0,
Ben Duckett,Capped,,Unsold,2.0,
Rilee Rossouw,Capped,,Unsold,2.0,
James Vince,Capped,,Unsold,2.0,
Tom Banton,Capped,,Unsold,2.0,
Mustafizur Rahman,Capped,,Unsold,2.0,
Naveen Ul Haq,Capped,,Unsold,2.0,
Umesh Yadav,Capped,,Unsold,2.0,
Tabraiz Shamsi,Capped,,Unsold,2.0,
Evin Lewis,Capped,,Unsold,2.0,
Steve Smith,Capped,,Unsold,2.0,
Gus Atkinson,Capped,,Unsold,2.0,
Tom Curran,Capped,,Unsold,2.0,
Matt Henry,Capped,,Unsold,2.0,
Alzarri Joseph,Capped,,Unsold,2.0,
Rassie Van Der Dussen,Capped,,Unsold,2.0,
Sean Abbott,Capped,,Unsold,2.0,
Adam Milne,Capped,,Unsold,2.0,
Jason Holder,Capped,,Unsold,2.0,
Chris Jordan,Capped,,Unsold,2.0,
Tymal Mills,Capped,,Unsold,2.0,
Akeal Hosein,Capped,,Unsold,1.5,
Sam Billings,Capped,,Unsold,1.5,
Mark Chapman,Capped,,Unsold,1.5,
Mohammad Nabi,Capped,,Unsold,1.5,
Tom Latham,Capped,,Unsold,1.5,
Kyle Mayers,Capped,,Unsold,1.5,
Jason Behrendorff,Capped,,Unsold,1.5,
Jhye Richardson,Capped,,Unsold,1.5,
Michael Bracewell,Capped,,Unsold,1.5,
William O'Rourke,Capped,,Unsold,1.5,
Jimmy Neesham,Capped,,Unsold,1.5,
Daniel Sams,Capped,,Unsold,1.5,
Riley Meredith,Capped,,Unsold,1.5,
Daniel Worrall,Capped,,Unsold,1.5,
Matthew Potts,Capped,,Unsold,1.5,
Tim Southee,Capped,,Unsold,1.5,
John Turner,Capped,,Unsold,1.5,
Kyle Jamieson,Capped,,Unsold,1.5,
Shai Hope,Capped,,Unsold,1.25,
Jordan Cox,Capped,,Unsold,1.25,
Tim Seifert,Capped,,Unsold,1.25,
Nandre Burger,Capped,,Unsold,1.25,
Sikandar Raza,Capped,,Unsold,1.25,
Will Young,Capped,,Unsold,1.25,
Obed McCoy,Capped,,Unsold,1.25,
Lance Morris,Capped,,Unsold,1.25,
Ashton Agar,Capped,,Unsold,1.25,
James Anderson,Capped,,Unsold,1.25,
Dominic Drakes,Capped,,Unsold,1.25,
Matthew Forde,Capped,,Unsold,1.25,
Keemo Paul,Capped,,Unsold,1.25,
Mayank Agarawal,Capped,,Unsold,1.0,
Alex Carey,Capped,,Unsold,1.0,
Ashton Turner,Capped,,Unsold,1.0,
Krishnappa Gowtham,Capped,,Unsold,1.0,
Gulbadin Naib,Capped,,Unsold,1.0,
Taskin Ahmed,Capped,,Unsold,1.0,
Chris Green,Capped,,Unsold,1.0,
Shakib Al Hasan,Capped,,Unsold,1.0,
Mehidy Hasan Miraz,Capped,,Unsold,1.0,
Benjamin Sears,Capped,,Unsold,1.0,
Dan Lawrence,Capped,,Unsold,1.0,
Nathan Smith,Capped,,Unsold,1.0,
David Payne,Capped,,Unsold,1.0,
Wayne Parnell,Capped,,Unsold,1.0,
Waqar Salamkheil,Capped,,Unsold,0.75,
Prithvi Shaw,Capped,,Unsold,0.75,
K.S Bharat,Capped,,Unsold,0.75,
Keshav Maharaj,Capped,,Unsold,0.75,
Vijayakanth Viyaskanth,Capped,,Unsold,0.75,
Dewald Brevis,Capped,,Unsold,0.75,
Ben McDermott,Capped,,Unsold,0.75,
Kusal Mendis,Capped,,Unsold,0.75,
Kusal Perera,Capped,,Unsold,0.75,
Josh Philippe,Capped,,Unsold,0.75,
Rishad Hossain,Capped,,Unsold,0.75,
Zahir Khan Pakten,Capped,,Unsold,0.75,
Nqabayomzi Peter,Capped,,Unsold,0.75,
Tanveer Sangha,Capped,,Unsold,0.75,
Jeffery Vandersay,Capped,,Unsold,0.75,
Sediqullah Atal,Capped,,Unsold,0.75,
Brandon King,Capped,,Unsold,0.75,
Pathum Nissanka,Capped,,Unsold,0.75,
Bhanuka Rajapaksa,Capped,,Unsold,0.75,
Johnson Charles,Capped,,Unsold,0.75,
Litton Das,Capped,,Unsold,0.75,
Andre Fletcher,Capped,,Unsold,0.75,
Ollie Pope,Capped,,Unsold,0.75,
Kyle Verreynne,Capped,,Unsold,0.75,
Richard Gleeson,Capped,,Unsold,0.75,
Luke Wood,Capped,,Unsold,0.75,
Towhid Hridoy,Capped,,Unsold,0.75,
Mikyle Louis,Capped,,Unsold,0.75,
Harry Tector,Capped,,Unsold,0.75,
Najibullah Zadran,Capped,,Unsold,0.75,
Ibrahim Zadran,Capped,,Unsold,0.75,
Sarfaraz Khan,Capped,,Unsold,0.75,
Matthew Short,Capped,,Unsold,0.75,
Josh Little,Capped,,Unsold,0.75,
Shivam Mavi,Capped,,Unsold,0.75,
Navdeep Saini,Capped,,Unsold,0.75,
Qais Ahmad,Capped,,Unsold,0.75,
Charith Asalanka,Capped,,Unsold,0.75,
Gudakesh Motie,Capped,,Unsold,0.75,
Daniel Mousley,Capped,,Unsold,0.75,
Dunith Wellalage,Capped,,Unsold,0.75,
Ottneil Baartman,Capped,,Unsold,0.75,
Dilshan Madushanka,Capped,,Unsold,0.75,
Chetan Sakariya,Capped,,Unsold,0.75,
Sandeep Warrier,Capped,,Unsold,0.75,
Cooper Connolly,Capped,,Unsold,0.75,
Dushan Hemantha,Capped,,Unsold,0.75,
William Sutherland,Capped,,Unsold,0.75,
Ben Dwarshuis,Capped,,Unsold,0.75,
Olly Stone,Capped,,Unsold,0.75,
Zak Foulkes,Capped,,Unsold,0.75,
Wiaan Mulder,Capped,,Unsold,0.75,
Dwaine Pretorius,Capped,,Unsold,0.75,
Dasun Shanaka,Capped,,Unsold,0.75,
Shoriful Islam,Capped,,Unsold,0.75,
Blessing Muzarabani,Capped,,Unsold,0.75,
Tanzim Hasan Sakib,Capped,,Unsold,0.75,
Roston Chase,Capped,,Unsold,0.75,
Junior Dala,Capped,,Unsold,0.75,
Mahedi Hasan,Capped,,Unsold,0.75,
Nangeyalia Kharote,Capped,,Unsold,0.75,
Hasan Mahmud,Capped,,Unsold,0.75,
Nahid Rana,Capped,,Unsold,0.75,
Alick Athanaze,Capped,,Unsold,0.75,
Hilton Cartwright,Capped,,Unsold,0.75,
Daryn Dupavillon,Capped,,Unsold,0.75,
Patrick Kruger,Capped,,Unsold,0.75,
Lahiru Kumara,Capped,,Unsold,0.75,
Michael Neser,Capped,,Unsold,0.75,
Richard Ngarava,Capped,,Unsold,0.75,
Odean Smith,Capped,,Unsold,0.75,
Andrew Tye,Capped,,Unsold,0.75,
Piyush Chawla,Uncapped,,Unsold,0.5,
Tom Kohler-Cadmore,Uncapped,,Unsold,0.5,
Leus Du Plooy,Uncapped,,Unsold,0.5,
Michael Pepper,Uncapped,,Unsold,0.5,
Ben Howell,Uncapped,,Unsold,0.5,
Kartik Tyagi,Uncapped,,Unsold,0.4,
Shoun Roger,Uncapped,,Unsold,0.4,
Siddharth Kaul,Uncapped,,Unsold,0.4,
Ajay Ahlawat,Uncapped,,Unsold,0.4,
Jalaj Saxena,Uncapped,,Unsold,0.4,
Yash Dhull,Uncapped,,Unsold,0.3,
Anmolpreet Singh,Uncapped,,Unsold,0.3,
Utkarsh Singh,Uncapped,,Unsold,0.3,
Upendra Singh Yadav,Uncapped,,Unsold,0.3,
Ricky Bhui,Uncapped,,Unsold,0.3,
Aarya Desai,Uncapped,,Unsold,0.3,
Madhav Kaushik,Uncapped,,Unsold,0.3,
Pukhraj Mann,Uncapped,,Unsold,0.3,
Mayank Dagar,Uncapped,,Unsold,0.3,
Suyash Prabhudessai,Uncapped,,Unsold,0.3,
Sanvir Singh,Uncapped,,Unsold,0.3,
Avanish Aravelly,Uncapped,,Unsold,0.3,
Saurav Chauhan,Uncapped,,Unsold,0.3,
Harvik Desai,Uncapped,,Unsold,0.3,
B.R Sharath,Uncapped,,Unsold,0.3,
Sakib Hussain,Uncapped,,Unsold,0.3,
Vidwath Kaverappa,Uncapped,,Unsold,0.3,
Rajan Kumar,Uncapped,,Unsold,0.3,
Sushant Mishra,Uncapped,,Unsold,0.3,
Prince Choudhary,Uncapped,,Unsold,0.3,
Himanshu Sharma,Uncapped,,Unsold,0.3,
Prashant Solanki,Uncapped,,Unsold,0.3,
Jhathavedh Subramanyan,Uncapped,,Unsold,0.3,
Priyam Garg,Uncapped,,Unsold,0.3,
Smaran Ravichandran,Uncapped,,Unsold,0.3,
Shashwat Rawat,Uncapped,,Unsold,0.3,
Avneesh Sudha,Uncapped,,Unsold,0.3,
Apoorv Wankhade,Uncapped,,Unsold,0.3,
Rishi Dhawan,Uncapped,,Unsold,0.3,
Tanush Kotian,Uncapped,,Unsold,0.3,
Shams Mulani,Uncapped,,Unsold,0.3,
Shivam Singh,Uncapped,,Unsold,0.3,
Lalit Yadav,Uncapped,,Unsold,0.3,
Mohammed Azharuddeen,Uncapped,,Unsold,0.3,
L.R Chethan,Uncapped,,Unsold,0.3,
Aryaman Singh Dhaliwal,Uncapped,,Unsold,0.3,
Urvil Patel,Uncapped,,Unsold,0.3,
Sanskar Rawat,Uncapped,,Unsold,0.3,
Bipin Saurabh,Uncapped,,Unsold,0.3,
Tanay Thyagarajann,Uncapped,,Unsold,0.3,
Money Grewal,Uncapped,,Unsold,0.3,
Ishan Porel,Uncapped,,Unsold,0.3,
Abhilash Shetty,Uncapped,,Unsold,0.3,
Basil Thampi,Uncapped,,Unsold,0.3,
Murugan Ashwin,Uncapped,,Unsold,0.3,
Shreyas Chavan,Uncapped,,Unsold,0.3,
Chintal Gandhi,Uncapped,,Unsold,0.3,
Raghav Goyal,Uncapped,,Unsold,0.3,
Jagadeesha Suchith,Uncapped,,Unsold,0.3,
Roshan Waghsare,Uncapped,,Unsold,0.3,
Bailapudi Yeswanth,Uncapped,,Unsold,0.3,
Sachin Dhas,Uncapped,,Unsold,0.3,
Ashwin Hebbar,Uncapped,,Unsold,0.3,
Rohan Kunnummal,Uncapped,,Unsold,0.3,
Ayush Pandey,Uncapped,,Unsold,0.3,
Akshat Raghuwanshi,Uncapped,,Unsold,0.3,
Virat Singh,Uncapped,,Unsold,0.3,
Prerak Mankad,Uncapped,,Unsold,0.3,
Vicky Ostwal,Uncapped,,Unsold,0.3,
Shivalik Sharma,Uncapped,,Unsold,0.3,
Salil Arora,Uncapped,,Unsold,0.3,
Dinesh Bana,Uncapped,,Unsold,0.3,
Ajitesh Guruswamy,Uncapped,,Unsold,0.3,
Narayan Jagadeesan,Uncapped,,Unsold,0.3,
Vishnu Solanki,Uncapped,,Unsold,0.3,
K.M Asif,Uncapped,,Unsold,0.3,
Akhil Chaudhary,Uncapped,,Unsold,0.3,
Himanshu Chauhan,Uncapped,,Unsold,0.3,
Arpit Guleria,Uncapped,,Unsold,0.3,
Nishanth Saranu,Uncapped,,Unsold,0.3,
Kuldip Yadav,Uncapped,,Unsold,0.3,
Prithviraj Yarra,Uncapped,,Unsold,0.3,
Shubham Agrawal,Uncapped,,Unsold,0.3,
Jass Inder Baidwan,Uncapped,,Unsold,0.3,
Jasmer Dhankhar,Uncapped,,Unsold,0.3,
Pulkit Narang,Uncapped,,Unsold,0.3,
Saumy Pandey,Uncapped,,Unsold,0.3,
Himanshu Singh,Uncapped,,Unsold,0.3,
Tanmay Agarwal,Uncapped,,Unsold,0.3,
Amandeep Khare,Uncapped,,Unsold,0.3,
Ayush Mhatre,Uncapped,,Unsold,0.3,
Salman Nizar,Uncapped,,Unsold,0.3,
Sumeet Verma,Uncapped,,Unsold,0.3,
Manan Vohra,Uncapped,,Unsold,0.3,
Samarth Vyas,Uncapped,,Unsold,0.3,
Emanjot Chahal,Uncapped,,Unsold,0.3,
Mayank Rawat,Uncapped,,Unsold,0.3,
Hritik Shokeen,Uncapped,,Unsold,0.3,
Sonu Yadav,Uncapped,,Unsold,0.3,
S. Rithik Easwaran,Uncapped,,Unsold,0.3,
Anmol Malhotra,Uncapped,,Unsold,0.3,
Pradosh Paul,Uncapped,,Unsold,0.3,
Karteek Sharma,Uncapped,,Unsold,0.3,
Akash Singh,Uncapped,,Unsold,0.3,
Tejasvi Singh,Uncapped,,Unsold,0.3,
Siddharth Yadav,Uncapped,,Unsold,0.3,
Saurabh Dubey,Uncapped,,Unsold,0.3,
Aaqib Khan,Uncapped,,Unsold,0.3,
Ankit Singh Rajpoot,Uncapped,,Unsold,0.3,
Divesh Sharma,Uncapped,,Unsold,0.3,
Naman Tiwari,Uncapped,,Unsold,0.3,
Kunal Singh Chibb,Uncapped,,Unsold,0.3,
Yuvraj Chudasama,Uncapped,,Unsold,0.3,
Deepak Devadiga,Uncapped,,Unsold,0.3,
Ramesh Prasad,Uncapped,,Unsold,0.3,
Shivam Shukla,Uncapped,,Unsold,0.3,
Himanshu Singh,Uncapped,,Unsold,0.3,
Tejpreet Singh,Uncapped,,Unsold,0.3,
Musaif Ajaz,Uncapped,,Unsold,0.3,
Agni Chopra,Uncapped,,Unsold,0.3,
Abhimanyu Easwaran,Uncapped,,Unsold,0.3,
Sudip Gharami,Uncapped,,Unsold,0.3,
Shubham Khajuria,Uncapped,,Unsold,0.3,
Akhil Rawat,Uncapped,,Unsold,0.3,
Prateek Yadav,Uncapped,,Unsold,0.3,
Abdul Bazith,Uncapped,,Unsold,0.3,
K.C Cariappa,Uncapped,,Unsold,0.3,
Aman Khan,Uncapped,,Unsold,0.3,
Sumit Kumar,Uncapped,,Unsold,0.3,
Hardik Raj,Uncapped,,Unsold,0.3,
Harsh Tyagi,Uncapped,,Unsold,0.3,
M. Ajnas,Uncapped,,Unsold,0.3,
Unmukt Chand,Uncapped,,Unsold,0.3,
Tejasvi Dahiya,Uncapped,,Unsold,0.3,
Sumit Ghadigaonkar,Uncapped,,Unsold,0.3,
Baba Indrajith,Uncapped,,Unsold,0.3,
Muhammed Khan,Uncapped,,Unsold,0.3,
Bhagmender Lather,Uncapped,,Unsold,0.3,
Baltej Dhanda,Uncapped,,Unsold,0.3,
Ali Khan,Uncapped,,Unsold,0.3,
Ravi Kumar,Uncapped,,Unsold,0.3,
Vineet Panwar,Uncapped,,Unsold,0.3,
Vidyadhar Patil,Uncapped,,Unsold,0.3,
Aradhya Shukla,Uncapped,,Unsold,0.3,
Kiran Chormale,Uncapped,,Unsold,0.3,
Ashish Dahariya,Uncapped,,Unsold,0.3,
Tushar Raheja,Uncapped,,Unsold,0.3,
Sarthak Ranjan,Uncapped,,Unsold,0.3,
Abhijeet Tomar,Uncapped,,Unsold,0.3,
Krish Bhagat,Uncapped,,Unsold,0.3,
Sohraab Dhaliwal,Uncapped,,Unsold,0.3,
Harsh Dubey,Uncapped,,Unsold,0.3,
Raj Limbani,Uncapped,,Unsold,0.3,
Ninad Rathva,Uncapped,,Unsold,0.3,
Vivrant Sharma,Uncapped,,Unsold,0.3,
Shiva Singh,Uncapped,,Unsold,0.3,
Sayed Irfan Aftab,Uncapped,,Unsold,0.3,
Anirudh Chowdhary,Uncapped,,Unsold,0.3,
Anshuman Hooda,Uncapped,,Unsold,0.3,
Prashant Sai Painkra,Uncapped,,Unsold,0.3,
Yeddala Reddy,Uncapped,,Unsold,0.3,
Joshua Brown,Uncapped,,Unsold,0.3,
Oliver Davies,Uncapped,,Unsold,0.3,
Atharva Kale,Uncapped,,Unsold,0.3,
Abhishek Nair,Uncapped,,Unsold,0.3,
Vishwanath Pratap Singh,Uncapped,,Unsold,0.3,
Nasir Lone,Uncapped,,Unsold,0.3,
Brandon McMullen,Uncapped,,Unsold,0.3,
S. Midhun,Uncapped,,Unsold,0.3,
Abid Mushtaq,Uncapped,,Unsold,0.3,
Mahesh Pithiya,Uncapped,,Unsold,0.3,
Maramreddy Reddy,Uncapped,,Unsold,0.3,
Atit Sheth,Uncapped,,Unsold,0.3,
Jonty Sidhu,Uncapped,,Unsold,0.3,
Mohit Avasthi,Uncapped,,Unsold,0.3,
Faridoon Dawoodzai,Uncapped,,Unsold,0.3,
Praful Hinge,Uncapped,,Unsold,0.3,
Pankaj Jaswal,Uncapped,,Unsold,0.3,
Vijay Kumar,Uncapped,,Unsold,0.3,
Mujtaba Yousuf,Uncapped,,Unsold,0.3,
Prayas Ray Barman,Uncapped,,Unsold,0.3,
Jafar Jamal,Uncapped,,Unsold,0.3,
Ayaz Khan,Uncapped,,Unsold,0.3,
Kaushik Maity,Uncapped,,Unsold,0.3,
Rituraj Sharma,Uncapped,,Unsold,0.3,
Kartik Chadha,Uncapped,,Unsold,0.3,
Writtick Chatterjee,Uncapped,,Unsold,0.3,
Prerit Dutta,Uncapped,,Unsold,0.3,
Rajneesh Gurbani,Uncapped,,Unsold,0.3,
Shubhang Hegde,Uncapped,,Unsold,0.3,
Saransh Jain,Uncapped,,Unsold,0.3,
Ripal Patel,Uncapped,,Unsold,0.3,
Akash Vashisht,Uncapped,,Unsold,0.3,
Anirudh Kanwar,Uncapped,,Unsold,0.3,
Shubham Kapse,Uncapped,,Unsold,0.3,
Atif Mushtaq,Uncapped,,Unsold,0.3,
Dipesh Parwani,Uncapped,,Unsold,0.3,
Manish Reddy,Uncapped,,Unsold,0.3,
Chetan Sharma,Uncapped,,Unsold,0.3,
Avinash Singh,Uncapped,,Unsold,0.3,
Corbin Bosch,Uncapped,,Unsold,0.3,
Mayank Gusain,Uncapped,,Unsold,0.3,
Mukhtar Hussain,Uncapped,,Unsold,0.3,
Girinath Reddy,Uncapped,,Unsold,0.3,
Yajas Sharma,Uncapped,,Unsold,0.3,
Sanjay Yadav,Uncapped,,Unsold,0.3,
Vishal Godara,Uncapped,,Unsold,0.3,
Samarth Nagraj,Uncapped,,Unsold,0.3,
Abhishek Saini,Uncapped,,Unsold,0.3,
Dumindu Sewmina,Uncapped,,Unsold,0.3,
Pradyuman Kumar Singh,Uncapped,,Unsold,0.3,
Vasu Vats,Uncapped,,Unsold,0.3,
Umang Kumar,Uncapped,,Unsold,0.3,
Mohamed Ali,Uncapped,,Unsold,0.3,
Atharva Ankolekar,Uncapped,,Unsold,0.3,
Vaisakh Chandran,Uncapped,,Unsold,0.3,
Auqib Dar,Uncapped,,Unsold,0.3,
Rohit Rayudu,Uncapped,,Unsold,0.3,
Uday Saharan,Uncapped,,Unsold,0.3,
Ayush Vartak,Uncapped,,Unsold,0.3,
Baba Aparajith,Uncapped,,Unsold,0.3,
Sumit Kumar Beniwal,Uncapped,,Unsold,0.3,
Nishunk Birla,Uncapped,,Unsold,0.3,
Digvijay Deshmukh,Uncapped,,Unsold,0.3,
Lakshay Jain,Uncapped,,Unsold,0.3,
Duan Jansen,Uncapped,,Unsold,0.3,
Kritagya Singh,Uncapped,,Unsold,0.3,
P. Vignesh,Uncapped,,Unsold,0.3,
Sabhay Chadha,Uncapped,,Unsold,0.3,
Hemanth Kumar,Uncapped,,Unsold,0.3,
Rohan Rana,Uncapped,,Unsold,0.3,
Bharat Sharma,Uncapped,,Unsold,0.3,
Pratham Singh,Uncapped,,Unsold,0.3,
Ravi Yadav,Uncapped,,Unsold,0.3,
Arjun Azad,Uncapped,,Unsold,0.3,
Abhay Choudhary,Uncapped,,Unsold,0.3,
Gaurav Gambhir,Uncapped,,Unsold,0.3,
Shubham Garhwal,Uncapped,,Unsold,0.3,
Tejasvi Jaiswal,Uncapped,,Unsold,0.3,
Sairaj Patil,Uncapped,,Unsold,0.3,
Kamal Tripathi,Uncapped,,Unsold,0.3,
Prashant Chauhan,Uncapped,,Unsold,0.3,
Yash Dabas,Uncapped,,Unsold,0.3,
Dhruv Kaushik,Uncapped,,Unsold,0.3,
Khrievitso Kense,Uncapped,,Unsold,0.3,
Akash Parkar,Uncapped,,Unsold,0.3,
Tripuresh Singh,Uncapped,,Unsold,0.3,
Vijay Yadav,Uncapped,,Unsold,0.3,
Saurabh Netravalkar,Uncapped,,Unsold,0.3,
Hardik Tamore,Uncapped,,Unsold,0.3,
